calls	retards
didn	say	thank
companies	down	earnings	few	fire	going	jpow	looking	lot	next	personally	quickly	reporting	see	starting	tariffs	think	very	weeks
economy	honestly	let	maybe	people
jesus
because	calls	cards	ccp	do	does	dollar	end	exactly	first	from	general	halt	high	him	long	mental	no	office	otherwise	people	prices	protest	punishment	says	square	suffer	term	there	things	trade	try	useless	war	win	xi
dump
actually	already	am	americans	an	another	believe	big	bonds	buy	could	down	economy	far	forward	going	hard	hell	here	how	idea	looking	lots	many	money	much	my	need	now	over	past	people	place	rates	right	safe	sell	store	them	think	those	too	treasuries	trusted	used	world	wrong
bull	day	dont	down	go	its
around	buying	feel	like	literally	now	pack	retard	sell	shit	these	too	took	trying
base	good	idea	off	see	target	wasn	your
delusional	from	guy	lose	never	trade	war
an	economy	else	everything	happening	investment	like	me	most	seems	sentiment	still
also	decisions	makes	quick	stupid	sure	while	without	xi
does	feel	joke	law	like	might	nobody	rule	seems	should	wasn	who	why
compare	defense	did	government	had	makes	re	some	them	want
also	an	basically	doing	everyone	idiot	knows	my	point	risk	think	up
american	an	anymore	comes	him	know	out	top
did	didn	money	pretend	put	time	trust
consumer	sentiment	than
gold
called	winning
an	back	called	coming	corrupt	does	dumbass	funny	guess	him	hurt	idea	least	made	many	more	ones	part	rest	sell	such	tariff	tariffs	these	up	want	who
before	by	called	cult	expect	going	good	idea	look	market	never	office	people	same	second	somehow	term	thought	took	usa	when	who	why	wild	world	would
americans	brain	dead	lol
allowed	control	fed	hello	hyperinflation
fuck	less	plan	poor
going	here	over	retarded
10	affect	been	cause	course	cut	down	getting	make	only	reverse	slow	tariffs	think	weeks
by	destroying	economy	free	hyperinflation	make	middle	profit	put	them	up	work
bills	japan	two	uk
loss	month
biggest	center	doing	gets	hear	him	himself	idiot	may	one	people	telling	wants
do	long	version
almost	back	didn	down	last	my	nothing	part	personal	sell	spike	then
felon
after	much	power	someone	them
car	playing	smart	xi
clown	fuck	fucking
allies	remembered	would
an	attention	bigger	brother	get	high	like	little
anyone	buying	else	fuck	gme	guys	more	over	these	today
day	depressing	done	fixed	getting	now	one	re	short	things	too
admin	already	bad	by	congress	down	entire	everyone	fix	gets	going	gop	happen	knows	late	loss	might	only	point	really	some	step	stepping	still	tariffs	then	there	thing	too	when
bro	himself	like	lmao	why
allies	everyone	me	starting	strategy	telling	trade	war	your
backed	by	chair	coin	crash	decision	do	dollar	economy	essentially	fed	having	imagine	make	making	now	only	our	prices	save	step
exactly	happy	shorts
because	build	everything	isn	only	reason	support	tends	wealth
economics	economy	impact	market	massive	says	stock
90	already	also	america	americans	ass	because	been	believe	best	bond	bonds	coming	completely	countries	country	day	debacle	debt	decades	do	due	economy	from	fucked	go	goods	half	hello	here	higher	hold	how	international	its	know	makes	market	more	most	moving	much	nations	need	needs	now	one	other	out	over	pause	point	re	reading	reason	rest	shit	some	sort	stuff	supply	tank	tariff	tariffs	than	them	third	those	trade	understand	until	war	well	which	who	whole	wild	without	world	your
especially	financial	information	week
any	brain	doesn	power	sort	strategy
actually	again	any	anyone	basically	buying	doesn	dollar	down	gold	happens	laugh	like	looked	make	matter	me	one	people	really	run	them	those	under	way	when	where	yeah
ago	calls	few	fuck	hours	life	market	markets	more	pre	puts	tariffs	yo
after	bed	been	concern	damage	done	drop	economy	effect	forward	isn	moving	my	near	put	some	talk	tariff	term	time
believe	cannot	didn	drop	during	monday	puts	sell	still
both	expectations	good	guy	job	jpow	week
assets	come	cool	cost	crashing	didn	down	everyone	exports	going	got	now	other	price	realize	usd	wanted	well
anymore	by	companies	isn	my	over	read
couldn	do	dumbass	had	literally	man	nothing	party	right
insanity
80	america	american	another	any	bear	been	citizens	could	damage	democracy	done	economy	gone	into	investment	left	longer	markets	money	no	our	period	rest	safe	safety	still	trust	warning	weeks	who	why	world	years
bank	deep	international	some	tariff	waiting
better	criminals	jail
actual	areas	assets	call	gold	hard	invest	investment	like	now	physical	popular	where
get	wants
anything	point	pr	spin	trade
because	depressing	fell	genius	him	imagine	million	now	people	state	them	voted
based	build	chatgpt	doing	giving	model	no	orange	results
after	buy	don	report
already	depression
crash	didn	disaster	fast	happen	honestly	house	market	my	republican	some	stock	think	unexpected	white	would
dumbass	job	one	only	person	second	should	sure	who
80	allowed	already	another	any	ass	attention	away	base	been	both	by	called	center	congress	could	criminals	dollars	easy	elected	ending	ensure	exact	expecting	face	far	federal	first	ford	free	from	going	good	gop	got	government	guy	had	haven	here	highest	history	house	how	instead	into	kind	land	left	let	life	line	long	me	memory	more	most	nations	nearly	never	now	off	office	opposite	other	party	past	paying	people	political	popular	president	price	prison	put	really	republican	rest	right	say	see	similar	since	sort	spent	state	terms	then	these	true	voted	way	well	were	white	whole	why	without	world	worst	would	years
anything	check	else	free	make	out	people	put	re	risk	then	these	things	up	working	worth
ass	could	covid	dont	economy	good	great	kissing	ll	make	my	politically	re	sounds	tank	think	time	tired	trade	tv	under	war	when	who	winning	xi
allies	anyone	blame	clear	else	everyone	game	how	made	no	only	play	rule
admin	car	clown	entire	gets	imagine	out
after	along	blame	fake	having	him	himself	least	maybe	nobody
america	bet	get	when
again	any	blatant	change	end	ever	from	fuck	happening	him	let	longer	more	much	no	president	take	terrible	those	time	until	want	when
blame	down	from	still	who	wonder
do	manipulation	market	today
does	feel	how	matter
make	things	worse	would
good	signs
after	alone	another	back	believe	from	fuck	giving	like	look	looked	made	me	out	slv	some	stuff	went	who	would
did	first	like	see	term	unexpected
administration	allowed	american	an	anyone	bad	big	brain	ccp	chinese	claims	companies	company	complete	control	countries	country	delusional	every	face	from	fucking	government	happening	happens	imagine	lie	like	literally	ll	look	looks	love	me	no	other	power	reddit	same	see	some	tell	then	these	think	totalitarian	up	usa	wait	when	within	without	your
cards	doesn
joke	tired
better	felt	my	president	say
biggest	chinese	great	how	non	people	re	russia	talking	wild
face	get	idiot	now	off	orange
bob	great
after	anyone	comes	decades	do	ever	factory	getting	paper	things	time	worked	xi
absolutely	again	better	could	did	do	had	him	last	lots	more	my	no	office	one	out	person	show	state	than	there	though	tired	up	useless	vote	way	win	winning	would	years
brother	no
an	because	bit	care	citizens	do	does	doesn	doing	don	ensures	happen	happening	how	its	late	making	now	one	own	part	realize	really	right	similar	something	stop	sure	think	too	understand	unfortunately	wants	when
an	based	chatgpt	destroying	financial	like	middle	money	off	policy	poor	russia	take	use	wants
bullshit
dump	get	pumps	should	these	things
100	assets	avoid	close	companies	go	goes	hard	hold	knows	may	my	no	non	off	one	point	replaced	some	someone	still	through	when	zero
by	company	defense	dude	fuck	its	like	looking	marketing	only	out	price	read	really	shitty	stock	who
another	comment	down	end	since	when
crashing
day	fucking	last	retard	time
america	know	stupid
great
people	re	right	tell	who
destroying	doing	economy	sure	then	well
american	moment	more	president	than	them	trust	would
actual	fuck
also	bad	chinese	from	harder	hurt	imports	least	lots	oil	other	our	parts	replaced	same	short	tariffs	term	them	which	won
covid	felt	gone	half	last	like	night	our	paper	products	times	went	were
dollar	go	goes	our	re	rich	thank	then	yippee	zero
silver	situation	them
don	enough	face	feel	few	going	markets	news	out	re	smart	square	them	think	ve	weeks	won
because	clearly	him	lost	mind	office	out	take	why
lines	pretty	read
build	fall	know	lose	matter	one	point	takes	thing	trust
comparison	germany	literally	over	used
delusional	likely	most	yeah
full	go	retard
american	complete	don	lying	out	people	sell	these
like	look	making	retard	square	trying	why
american	care	dictatorship	doesn	force	investment	long	now	over	people	power	state	takes	through	trade	war	xi
dude	enough	fuck	germany	good	japan	knows	land	now	perhaps	such	where	world	would
after	around	coin	day	expecting	morning	my	off	should	these	time	trading
bob	great
amc	anyone	did	disgusting	gme	kavl	put	seen	shorts	than	together	worse
actually	felon	gonna	lie	orange	probably	shit	talk	thinks	way	when
everyone	happy
before	critical	election	most	thinking	unfortunately	voters	zero
back	dude	felt	free	haven	love	next	now	our	retarded	since	went
context	go	money	power	together
american	doing	everything	feel	friends	going	good	lot	more	my	paying	people	sorry	thinks
almost	america	back	come	completely	debt	don	fucked	getting	gop	haven	here	how	last	nearly	no	our	over	personally	pretty	reason	see	seen	shit	since	time	voters	when	yippee
allies	anymore	lol	no
earnings	go	great	never	seems	up
bonds	days	delusional	don	end	game	japan	loss	markets	move	people	play	reddit	selling	short	soon	spike	stop	take	term	think	treasuries	two	usd
any	economics	expect	really	them	understand
12	90	ago	april	been	by	completely	countries	day	did	dollar	due	during	end	from	how	inflation	left	little	look	lost	many	market	much	negotiating	no	now	off	one	other	people	period	price	problems	quick	rampant	since	slow	stock	supply	support	than	then	there	treasuries	way	wealth	week	worse
administration	anything	comparison	damage	days	do	doesn	fan	few	fucking	going	hasn	here	market	more	nightmare	one	other	pr	shit	tariff	tariffs	than	up	yet
basically	buy	current	each	ensure	going	much	other	point	pretty	re	stuff	tariffs
anything	better	country	down	full	here	insanity	live	me	mind	much	no	now	one	people	place	there	true	trust	understand	usa	vote	who	worse
another	anything	because	bullshit	doesn	dollar	exports	find	get	gets	guy	higher	him	imo	missing	point	products	reason	say	seems	trade	wants	when	why	would
because	by	currently	land	our	over	re	screwed	take	wants	war
literally	lost	money	my	ve	week
an	idiot	there	too	well
11	13	agree	big	buying	companies	doing	down	from	hear	into	like	machine	market	mid	money	newsletter	out	re	real	recession	seems	stock	there	times	want	warning	worse	worst
been	election	game	into	isn	long	might	playing	preparing	re	since	single	strategy	thinking	trade	where	year
absolutely	any	anything	better	buy	cannot	come	doesn	literally	me	moment	more	much	reason	save	seems	than	think	worst
cost	couldn	don	giving	more	need	use
concern	declare	give	him	law	mid	my	terms
anything	day	end	ever	everything	except	them	want
back	bond	close	doesn	every	going	himself	laugh	make	market	much	near	need	needs	night	sleep	usa	watch	week	xi
get	here	retarded
expecting	friday	hold	no	one	over	red	today	want	weekend
bro	don	full	retard	try	went
blatant	exactly	happen	making	monarchy	normal	nothing	presidency	scotus	thanks	version	would
anything	bad	believe	hell	long	man	morons
don	gme	happens	know	make	money	out	rising	same	silver	them	who
bad	good	insider	trading
buying	no	one	silver
makes	me	want
agree	cool	deal	each	ever	how	love	make	manipulation	market	other	propaganda	same	smart	sure	think	though	wow
amc
clown	yet
back	debacle	dollars	during	should	tariff	them	ve	worth
because	cause	chinese	do	economy	factory	goods	halt	import	imports	literally	loans	lose	massive	more	same	than	true
jail	like	should	today	up
called	check	phone	someone	working	xi	yet
literally	nobody	would
big	don	from	get	job	part
an	el	him	mean	only	people	politically	prison	reverse	stable	starting	stop	term	try	yeah
already	fucking	life	long	need	too	way
country	ever	feel	happened	him	matter	my	no	person	political	support	thing	worst
attention	don	dude	end	how	paying	see	things	today
also	been	bonds	everyone	good	higher	japan	risk	see	selling	there	ve	why	yeah
clown	jesus	liz	oh	truss
retarded
could	done	entire	insane	life	literally	most	perhaps	possibly	single	stupid	thing
administration	am	an	clown	disaster	fucking	good	happens	history	more	most	now	people	policy	read	see	show	sure	tariffs	trade
america	by	end	how	look	maga	personal	plan	replaced	stepping	up
holding	kind	over	weekend
corrupt	wrong
down	get	goes	market	over	screwed	somehow	still	up
bad	happen	things	think
earnings	next	report	then	until
american	americans	fuck	funny	happy	higher	its	most	pay	president	prices	there	where
from	money	moving	own	quickly
again	red	spy	yo
bonds	country	dont	due	fall	foreign	like	market	markets	one	only	right	think	would
36	biden	debt	do	going	policy	something	which
administration	american	bad	been	beyond	done	everything	friends	happening	how	hurt	no	one	our	people	rich	see	support	then	trade	way	why	world	would
after	april	because	calls	earnings	fucked	market	night	puts	same	still
administration	both	should	someone	tell	work
go	pack	up
moving	pumps	risk	then
10	clear	everything	force	him	into	its	pretty	spy	these	when
again	ever	fair	lol	there	won
administration	along	an	barely	been	called	cannot	deep	into	likely	negotiating	preparing	recession	terrible	trusted
idea	million	no	person	physical	tariffs
bad
americans	doing	find	out	until	wait
been	day	fuck	go	gonna	instead	made	man	sorry	ve
ccp	change	country	dictatorship	every	got	propaganda	sure	worked
my	selling	silver
el	get	me	my
cheeto
again	ago	economy	everyone	forget	make	month	more	next	remember	something	weeks
any	chair	could	country	decision	fed	fire	get	go	insane	investor	leader	lot	may	me	might	money	otherwise	possibly	pushing	safe	scotus	tell	treasury	want	well	why	worse	would	wrong
allies	any	more	sure
good	life	my	never	orange	say	thought
back	cut	dollars	every	fed	federal	going	half	him	income	least	loans	machine	makes	money	no	note	personal	personally	probably	profit	think	treasury	use	used	wanted	wants	watch
bed	care	day	doesn	went
anyone	else	insider	trading	would
also	big	bit	critical	going	impact	import	more	needs	network	other	stuff	such	there	things	think	very
doesn	him	make	money
guys	media	people	remember
again	better	election	ever	fair	free	hold	last	memory	might	take	than	then	time	trust	voters
americans	bull	clear	companies	down	fast	get	love	many	market	people	pretty	products	run	sentiment	sure	think	too	walmart	would	year
areas	current	don	elected	especially	hasn	high	inflation	majority	maybe	reason	seen	some	support	think	though	ve	wanted	wants
news	tariff
already	another	by	due	good	market	over	place	pre
believe	casino	could	mind	money	my	similar	something	thought	times
bank	puts	week
harder
every	giving	isn	like	network	new	out	person	shit	there	why
ago	call	called	get	gonna	him	hours	joke	only	probably
chasing	decisions	do	doing	equities	exact	general	happens	highest	lines	loss	market	no	nothing	one	opposite	protect	same	selling	support	thing	think	treasuries	trying	usa
bigger	both	each	essentially	no	other	reason	show	sides	than	there	trade	trying	who	why	world
economy	here	liz	over	than	truss	uk	worse
again	congress	fuck	where
actually	again	any	because	being	care	ccp	citizens	comes	compare	could	doesn	economic	economy	expectations	far	forward	go	great	hurt	isn	let	ll	looking	lot	mean	more	much	nothing	now	only	problems	prove	re	right	someone	suffer	take	than	them	thought	through	time	when	willing	worse
along	do	down	easy	insider	only	part	plan	pretend	right	trading	well	when
crash	economy	everyone	fix	him	lot	make	money	own	prove	something	stupid	them	time	told	try	whole	work	wrong
any	bond	economic	market	more	seems	tariffs	there	trust	week	without
cards	else	everyone	him	lots	still	unfortunately
an	idiot	leader	life	totalitarian	xi
after	bank	day	least	make	mentioned	read	rest	say	sold	someone	then	today	your
big	buyers	do	doesn	dump	enough	sellers	slow	would
actually	back	based	because	both	buy	buying	by	don	down	fan	fast	find	friday	fuck	fucked	gme	had	imo	let	looking	manipulation	market	media	monday	money	most	off	protect	really	reporting	rich	same	sell	shit	shitty	still	support	telling	then	told	top	traders	trying	very	way	week	while	who	whole	won	your
100	asleep	calls	case	phone
already	am	amazon	amzn	apple	avoid	back	bad	bonds	both	buy	coming	country	enough	fed	from	goods	got	holding	money	more	move	moving	ones	plan	sell	sides	situation	some	tariffs	them	third	waiting	who
affect	believe	car	dont	emote	fixed	get	go	had	him	img	love	media	my	parts	social	t5_2th52	tariffs	there	ve	would
bad	crashing	market
11	an	delusional	drop	genius	still
reading	see	still	your
again	because	clearly	every	information	investor	media	never	note	online	pushing	remember	side	social	take	them	then	trust	use	your
current	happened	never	nightmare	prison	rampant	should	thanks
didn	less	lose	maybe	our	should	spend	think	why	wow
10	alone	already	down	effect	equities	everything	last	lot	month
an	backed	basically	bond	bonds	buyers	by	cat	dead	fed	foreign	going	investment	investors	isn	money	no	now	only	pause	raise	rates	remembered	rising	safe	sellers	than	there	think	up
an	by	doing	getting	isn	my	other	point	safety	tends	there	things
america	ass	best	biden	blame	call	called	come	deal	ever	gonna	great	him	kissing	ll	make	out	point	rich	say	some	then	xi
beyond	do	end	face	free	gave	here	left	live	lost	mental	no	nothing	own	poor	punishment	re	right	still	them	then	thinking	until	up	your
been	business	dollars	fell	many	morons	never	unfortunately
another	bankrupt	barely	completely	cut	get	going	head	off	rest	there	time	usa	while	world	years	yo
anyone	did	disgusting	kavl	seen	shorts
around	gave	lmao	them	trading	world
away	countries	from	other	risk	trade
bills	congress	doesn	give	him	know	over	there	won	writing
bear	currently	during	everyone	fan	full	head	like	market	moment	really	sand	seems	shit	signs	sort	then	there	until	warning	where
very
retard
10	after	bullshit	comes	least	news	prices	some	spin	stock	up
insider	jail	should	trading
after	buying	calls	investment	like	monday	reading	sounds
fuck	market	retarded	retards
away	being	bullshit	care	could	course	cult	do	dont	feel	forget	free	guess	how	last	least	like	line	more	my	new	oh	one	other	point	results	sand	school	shit	some	talking	thing	tv	well
bankrupt	cards	casino	hold	how	know	someone	think	who	would
americans	being	democracy	face	how
feel	gonna	like	soon	tank	though
doing	everyone	except	fake	going	guy	make	until
back	case	cat	come	dead	goes	ll	massive	missing	month	safe	two	while	worst
an	effect	leader	side	support	thing
dictatorship	great	step
buy	high	make	never	out	school	sure	went
allies	american	don	know	other	russia	selling	there	treasuries
prison
america	americans	come	completely	context	democracy	done	enough	ensures	essentially	fair	first	income	kind	like	majority	maybe	model	monarchy	nations	need	nobody	normal	now	other	protest	really	seems	since	stable	them	though	time	up	vote	want	warning	where	which	win
12	36	asleep	back	days	dollar	emote	fell	hours	img	last	literally	make	monday	money	my	need	next	night	no	over	puts	spent	t5_2th52	time	up	use	work	would
comment	guy	realize	wonder
chasing	get	going	investors	really	silver	up
dump	them
actually	by	don	give	like	looks	may	only	own	see	shit	target	though	white	yet	your
almost	congress	doing	maga	nothing
bull	fell	history	most	re	trap
bet	more	tariffs
better	business	instead	literally	ll	money	my	now	one	spend	store	target	than	there	walmart	within
any	higher	raise	say	tariffs	win
far	first	less	lol	politically	stable	term	than
yo
already	because	chinese	consumer	economy	ending	going	hurt	likely	makes	market	more	pay	price	real	think	trade	well	willing	xi
thanks
biden	claims	could	doing	like	presidency	sleep	still	through
big	buying	depressing	finance	get	gold	how	insane	into	invest	marketing	most	much	oil	online	people	really	see	silver	sort	traders	trying	work	writing
15	into	lost	slv	trap
away	depression	from	into	moving	recession
first	gonna	lost	now	them	week
america	dude	government	honestly	matter	next	our	point	power	some	someone	there	years
13	15	amazon	amzn	apple	el	ford
already	beyond	clearly	going	how	insane	me	shit	there	years
also	mentioned	morning	newsletter	now	see	until	which
finance	lying	media
cheeto	declare	expect	my	puts	sold	war
