about	an	at	be	come	cutting	edge	electric	has	have	hold	into	isn	like	ll	main	making	new	points	power	record	systems	technology	their	tldr	waves	world	years	your
am	day	follow	green	handle	here	high	new	one	only	perfectly	trend	was	week
before	catch	moon	now
are	bad	from	market	silver	so	went
be	can	hey	net	now	our	we	worth
all	any	at	by	can	countries	country	dollar	go	inflation	little	no	now	only	reason	right	there	trading	us	very	will	would
buy	can	if	target	will
amount	bought	companies	into	made	nice	silver
acquisition	my	them
at	bought	my	out	think	trading	work
emote	going	img	ll	spy	t5_2th52	was
down	downtrend	ice	still
at	data	don	good	growth	have	if	into	invest	more	need
good	info	nice
100	been	call	crazy	dividend	has	keep	past	sell	stock	years
bad	be	his	if	news	will
big	my	not	potential
by	pass	see	smart	so	tariffs	trump	very	wrong
also	are	be	can	cnbc	dollar	from	moving	says	show
about	analysis	as	by	company	couldn	cse	cutting	data	edge	exciting	feel	gaining	group	insights	main	making	market	more	news	points	potential	providing	real	recent	significant	solutions	some	someone	systems	technology	their	time	tldr	trend	waves	who
amd	amzn	been	company	currently	had	haven	highest	literally	my	net	nvda	portfolio	rklb	so	stimulus	up	was
bad	be	build	crash	currently	doing	economy	everything	he	him	major	need	new	not	people	please	so	up	us	usd	want
up
done
after	am	changing	me	moon	my	no	please	there	waiting
america	now	right	short
be	investment	long	term	wont
be	companies	doing	more	now	should	some	stuff
50	after	back	can	do	easily	even	last	same	think
all	any	are	at	be	by	call	calls	can	changing	company	cse	easily	everyone	handle	have	hey	info	into	like	looking	make	many	means	more	new	no	potential	providing	real	share	smart	solutions	some	stuff	technology	their	them	tldr	use	was	way	work	works
might	some
about	all	around	as	at	because	by	can	different	from	going	happening	little	main	my	no	nothing	or	out	own	people	points	re	real	reason	still	there	think	time	trump	very	want	way	when	world
at	same
am	can	market	so	wait
100	bank	be	economic	from	if	last	one	there	years
be	catch	currencies	invest	me	mean	money	not	or	us	would	your
3d	before	get	getting	going	more	only	popular	see	them	too
good	one	really
about	are	around	at	dumping	has	here	how	looking	news	no	silver	their
any	can	everything	future	going	into	market	or	see	wait	what	your
calls	long	puts
america	are	build	china	future	going	lmao	new	our	technology	we	working
also	as	ask	better	crush	from	get	if	imo	market	more	puts	vix
ask	better	by	dividends	do	economy	go	growth	hold	if	might	more	now	one	only	re	right	said	than	time	us	want	were	would
buy	don	green	when
after	buy	good	ll	one	out	pass	stock	think	though	what
good
after	downtrend	some
doing	him	shit	so	thank	while	would
nice
all	doing	good	pretty	think
emote	green	img	lmao	t5_2th52
additional	also	any	atlas	be	been	brazil	company	could	country	dd	demand	doing	electric	forward	from	gaining	has	have	high	huge	insights	largest	lithium	major	more	moving	one	or	position	re	so	some	than	their	working	your
going	today	up
at	better	get	highest	inflation	out	since
him
recent	stock	strong
amount	an	anything	get	if	least	left	like	literally	one	only	over	popular
god	over	thank	week
making	mean	money	ok	silver
at	huge	now	right
go	if	make	money	next	years
50	around	by	can	come	countries	do	economy	god	has	have	huge	largest	our	so	someone	tariffs	thank	we	world
additional	could	demand	has	once	see	some
bank	everyone	first	let	not	people	power	save	says	show	them	us	waiting
been	doing	have	mean	metals	really	silver	used	well
as	day	doing	gold	group	metals	stock	stocks	trade	well
bank	from	me	money	my	past	remove	think	time	way
all	cnbc	couldn	crush	follow	had	me	means	my	remove	see	small	so	today	was	went	when	while	years
crash	now	usd	was	what
be	because	been	currencies	data	different	doesn	doing	dumping	good	have	hold	if	likely	many	mean	nothing	or	own	pretty	re	selling	these	very	wouldn	yeah
are	as	atlas	brazil	can	could	electric	if	keep	lithium	major	out	position	sector	significant	so	them	yeah	your
100	are	between	funds	good	like	stocks
at	changing	crazy	how	least	more	shit	than	well	worth
short	today
are	he	pretty	spot	trump
here	like	next	sector	should	too
china	market	perfectly	tariffs	up	us
amd	amzn	are	china	down	forward	hold	let	likely	long	looking	me	more	nvda	ok	past	position	rklb	short	should	small	target	term	these	were
are	better	chess	day	doesn	economy	have	he	how	if	now	or	our	playing	save	since	strong	than	things	trump	want	was	way	we	when	who
all	also	an	analysis	are	as	because	between	by	can	dividend	dividends	done	from	have	hey	made	not	only	share	some	soon	spy	stocks	technology	there	used	well	will
going	ice	if	storms	think	up
3d	big	chess	playing	re	while
getting	imo	not	re	wrong
any	be	day	dividend	record
funds	into	more	time
even	spy	storms	up	vix
all	anything	as	demand	gold	good	has	investment	isn	like	long	make	more	or	out	portfolio	silver	stimulus	term	though	wont	your
by	now	real	selling
about	ask	don	feel	go	how	our	way
acquisition	feel	good	like	still	them
days	first	spot	was
are	potential	stocks	trend	up
his	made	perfectly	sell
days	from	god	haven	like	my	so	time	worth
an	at	be	big	good	looking	only	than	there	trade	wouldn
can	cannot	economic	economy	he	his	if	trade	use	who	will	world
dd	good
see
exciting	happening	one	way	what
from	said	tariffs
back	better	come	economy	get	have	high	left	nothing	once	soon	stop	things	we	will
cannot	nice
anything	countries	doing	so	stop	tariffs	works
going	invest	now	up
